<!--
author:			KOLLGO
based on:		"Carbon" by Eric Hettervik, Spare by Matt Kennedy
-->

<theme>

	<formatVersion>4</formatVersion>

	<view name="system, basic, detailed">

		<helpsystem name="help">
			<textColor>FFFFFF</textColor>
			<iconColor>FFFFFF</iconColor>
			<fontPath>./_inc/fonts/BebasNeue-Regular.ttf</fontPath>
			<fontSize>0.03</fontSize>
		</helpsystem>
		
		<color>33333399</color>
		
		<image name="background" extra="true">
            <path>./_inc/images/HeatmapPatternOrange.png</path>
        </image>

	</view>

	<view name="basic">

		<image name="background_logo" extra="true">
			<path>./_inc/images/bg_color.png</path>
			<origin>0 0</origin>
			<pos>0 0</pos>
			<size>1 0.18</size>
			<color>33333399</color>
		</image>

			<image name="logo">
				<origin>0.5 0.5</origin>
				<pos>0.5 0.09</pos>
				<maxSize>0.4 0.16</maxSize>
			</image>

		<image name="background_gamelist" extra="true">
			<path>./_inc/images/bg_color.png</path>
			<origin>0 0</origin>
			<pos>0.05 0.2</pos>
			<size>0.9 0.71</size>
			<color>33333399</color>
		</image>
		
		<image name="background" extra="true">
            <path>./_inc/images/HeatmapPatternOrangeSelected.png</path>
        </image>

			<textlist name="gamelist">
				<selectorColor>000000</selectorColor>
				<selectedColor>FFFFFF</selectedColor>
				<primaryColor>000000</primaryColor>
				<secondaryColor>888888</secondaryColor>
				<fontPath>./_inc/fonts/Roboto-Light.ttf</fontPath>
				<pos>0.05 0.2</pos>
				<size>0.9 0.71</size>
				<fontSize>0.04</fontSize>
			</textlist>

	</view>

	<view name="detailed">
		
		<image name="background_logo_gamelist" extra="true">
			<path>./_inc/images/bg_color.png</path>
			<origin>0 0</origin>
			<pos>0.01 0.02</pos>
			<size>0.35 0.89</size>
			<color>33333399</color>
		</image>

			<image name="logo">
				<origin>0.5 0.5</origin>
				<pos>0.186 0.14</pos>
				<maxSize>0.33 0.19</maxSize>
			</image>

			<textlist name="gamelist">
				<selectorColor>000000</selectorColor>
				<selectedColor>FFFFFF</selectedColor>
				<primaryColor>000000</primaryColor>
				<secondaryColor>888888</secondaryColor>
				<fontPath>./_inc/fonts/Roboto-Light.ttf</fontPath>
				<pos>0.02 0.25</pos>
				<size>0.33 0.64</size>
				<fontSize>0.04</fontSize>
				<horizontalMargin>0.01</horizontalMargin>
			</textlist>
		
		<image name="background" extra="true">
            <path>./_inc/images/HeatmapPatternOrangeSelected.png</path>
        </image>

			<image name="md_image">
				<origin>0.5 0.5</origin>
				<pos>0.545 0.33</pos>
				<maxSize>0.33 0.58</maxSize>
			</image>
		
		<image name="background_metadata" extra="true">
			<path>./_inc/images/bg_color.png</path>
			<origin>0 0</origin>
			<pos>0.73 0.02</pos>
			<size>0.26 0.62</size>
			<color>33333399</color>
		</image>

			<text name="md_lbl_rating, md_lbl_releasedate, md_lbl_developer, md_lbl_publisher, md_lbl_genre, md_lbl_players, md_lbl_lastplayed, md_lbl_playcount">
				<color>FFFFFF</color>
				<forceUppercase>1</forceUppercase>
				<fontPath>./_inc/fonts/Roboto-Medium.ttf</fontPath>
				<fontSize>0.02</fontSize>
				<size>0.24 0.01</size>
			</text>

			<text name="md_developer, md_publisher, md_genre, md_players, md_playcount">
				<color>FFFFFF</color>
				<forceUppercase>0</forceUppercase>
				<fontPath>./_inc/fonts/Roboto-Light.ttf</fontPath>
				<fontSize>0.024</fontSize>
				<size>0.23 0.02</size>
			</text>
			<datetime name="md_releasedate, md_lastplayed">
				<color>FFFFFF</color>
				<forceUppercase>0</forceUppercase>
				<fontPath>./_inc/fonts/Roboto-Light.ttf</fontPath>
				<fontSize>0.024</fontSize>
				<size>0.23 0.02</size>
			</datetime>

				<text name="md_lbl_rating">
					<pos>0.74 0.04</pos>
				</text>
				<rating name="md_rating">
					<pos>0.75 0.07</pos>
					<size>0.23 0.03</size>
					<filledPath>./_inc/images/star_full.png</filledPath>
					<unfilledPath>./_inc/images/star_hollow.png</unfilledPath>
				</rating>

				<text name="md_lbl_players">
					<pos>0.74 0.12</pos>
				</text>
				<text name="md_players">
					<pos>0.75 0.14</pos>
				</text>

				<text name="md_lbl_genre">
					<pos>0.74 0.18</pos>
				</text>
				<text name="md_genre">
					<pos>0.75 0.20</pos>
				</text>

				<text name="md_lbl_developer">
					<pos>0.74 0.24</pos>
				</text>
				<text name="md_developer">
					<pos>0.75 0.26</pos>
				</text>

				<text name="md_lbl_publisher">
					<pos>0.74 0.30</pos>
				</text>
				<text name="md_publisher">
					<pos>0.75 0.32</pos>
				</text>

				<text name="md_lbl_releasedate">
					<pos>0.74 0.36</pos>
				</text>
				<datetime name="md_releasedate">
					<pos>0.75 0.38</pos>
				</datetime>

				<text name="md_lbl_playcount">
					<pos>0.74 0.42</pos>
				</text>
				<text name="md_playcount">
					<pos>0.75 0.44</pos>
				</text>

				<text name="md_lbl_lastplayed">
					<pos>0.74 0.48</pos>
				</text>
				<datetime name="md_lastplayed">
					<pos>0.75 0.50</pos>
				</datetime>
		
		<image name="background_description" extra="true">
			<path>./_inc/images/bg_color.png</path>
			<origin>0 0</origin>
			<pos>0.37 0.66</pos>
			<size>0.62 0.25</size>
			<color>33333399</color>
		</image>

			<text name="md_description">
				<pos>0.38 0.68</pos>
				<size>0.60 0.21</size>
				<color>FFFFFF</color>
				<fontPath>./_inc/fonts/Roboto-Light.ttf</fontPath>
				<fontSize>0.026</fontSize>
				<alignment>left</alignment>
				<forceUppercase>0</forceUppercase>
				<lineSpacing>1.6</lineSpacing>
			</text>

	</view>

</theme>
